<?xml version='1.0' encoding='utf-8'?>
<!DOCTYPE hibernate-configuration PUBLIC
        "-//Hibernate/Hibernate Configuration DTD//EN"
        "http://www.hibernate.org/dtd/hibernate-configuration-3.0.dtd">
<hibernate-configuration>
    <session-factory>
        <property name="connection.url">jdbc:postgresql://localhost:5432/universitydb</property>
        <property name="connection.driver_class">org.postgresql.Driver</property>
        <property name="connection.username">postgres</property>
        <property name="connection.password">password</property>
        <property name="hbm2ddl.auto">create</property>
        <!--<mapping resource="HibernateXMLMapping.hbm.xml"/>-->
        <mapping class="org.abogdanov.university.domain.Dept"/>
        <mapping class="org.abogdanov.university.domain.Teacher"/>
        <mapping class="org.abogdanov.university.domain.Subject"/>
        <mapping class="org.abogdanov.university.domain.Student"/>
        <mapping class="org.abogdanov.university.domain.Exam"/>
    </session-factory>
</hibernate-configuration>