<?xml version="1.0" encoding="UTF-8"?>
<!DOCTYPE log4j:configuration SYSTEM "log4j.dtd">

<log4j:configuration xmlns:log4j="http://jakarta.apache.org/log4j/">
  <appender name="console" class="org.apache.log4j.ConsoleAppender">
    <param name="Target" value="System.out" />
    <layout class="org.apache.log4j.PatternLayout">
      <param name="ConversionPattern" value="%-5p [%t] %d{ISO8601} %c - %m%n" />
    </layout>
  </appender>

  <root>
    <priority value="debug" />
    <appender-ref ref="console" />
  </root>
</log4j:configuration>

